162856a8a17637f6dfacfe7688b341993b2ffad7, 162856a8a17637f6dfacfe7688b341993b2ffad7, 0.0.0
162856a8a17637f6dfacfe7688b341993b2ffad7, ea5f6b1458eb7fe3f6ce609552cdb052a36291be, 0.1.0
ea5f6b1458eb7fe3f6ce609552cdb052a36291be, 0ea73069614fe9660326cd6d0cb8f87254d48683, 0.1.1
0ea73069614fe9660326cd6d0cb8f87254d48683, acf1304a8d1d0980bdcec88f883543e0b9ed5827, 0.1.2
acf1304a8d1d0980bdcec88f883543e0b9ed5827, 58ee5025a99081e431374f88c402356c0f7d474c, 0.1.3
58ee5025a99081e431374f88c402356c0f7d474c, 5144e242171b61b2a38e82b7a078dde52145ee42, 0.2.0
5144e242171b61b2a38e82b7a078dde52145ee42, 7130ef661f539742243d18da1e4dccd5f957f8b0, 0.2.1
7130ef661f539742243d18da1e4dccd5f957f8b0, ab4ffc5b0d56d3138a5d118fd290113a526d91cf, 0.2.2
ab4ffc5b0d56d3138a5d118fd290113a526d91cf, 8de801d6278b039ddafe665502fc0a96dd78d2ee, 0.2.17
8de801d6278b039ddafe665502fc0a96dd78d2ee, 594383344974c3047bae1f96317443ed55314eac, 0.2.20
594383344974c3047bae1f96317443ed55314eac, acf8d2bad55b5ab2876ce3bf392921b302bbb586, 0.2.21
acf8d2bad55b5ab2876ce3bf392921b302bbb586, 24781ca70fe1739663b2d6908762d593958f7566, 0.2.22
24781ca70fe1739663b2d6908762d593958f7566, 6e6b77cd03c8638381ebf0057977b09f871f669c, 0.3.0
6e6b77cd03c8638381ebf0057977b09f871f669c, 25b995554ba5e5525d0d55089c92a09442d6914a, 0.3.1
25b995554ba5e5525d0d55089c92a09442d6914a, 43ac9b1c4a92f3a0dd7cfcbcf123d5a7a238a817, 0.3.2
43ac9b1c4a92f3a0dd7cfcbcf123d5a7a238a817, f0b2f1f41032fca0e286172b410b04fb600d852d, 0.3.3
f0b2f1f41032fca0e286172b410b04fb600d852d, c67ef63b6854235013bf71a79cd40dbed845d348, 0.3.4
c67ef63b6854235013bf71a79cd40dbed845d348, c4a715dcb7183b071304b16a0bceccce3f294696, 0.3.5
c4a715dcb7183b071304b16a0bceccce3f294696, c3f6b1ccad9abfd733d21682849ff70984a0b185, 1.0.0
c3f6b1ccad9abfd733d21682849ff70984a0b185, 17a3c0b796b77dfd972de30f104f95915e990760, 1.1.0
